{
  "id" : "6116feaa904746febdb8794afa99829d",
  "title" : "Online shopping store",
  "thumbImage" : "4ed3fc1eea1944abb495bb5ff2a2adb4.jpeg",
  "shortDescription" : "Clothing Shopping web app to sell",
  "technologiesUsed" : "Express / NextJS, Javascript / ReactJS, HTML, CSS / Material-UI",
  "moreImages" : null,
  "fullDescription" : "<p>\n  Developed this website as a portfolio project to expand my knowledge of modern\n  web technologies, including Next.js and React frameworks, while showcasing my\n  ability to create elegant and responsive user interfaces for e-commerce\n  platforms.\n</p>\n<p class=\"h5 font-weight-bold\">Technical details:</p>\n<ul style=\"list-style-type: disc\">\n  <li>\n    Designed and developed a visually appealing user interface for an online\n    clothing store using modern HTML, CSS, and React.\n  </li>\n  <li>\n    Implemented a dynamic carousel on the homepage to showcase featured products\n    with smooth transitions and responsive behavior.\n  </li>\n  <li>\n    Created product description pages with detailed layouts, including\n    placeholders for pricing, specifications, and images.\n  </li>\n  <li>\n    Optimized the design for responsiveness to ensure compatibility across\n    various devices and screen sizes.\n  </li>\n  <li>\n    Applied advanced CSS techniques, such as flexbox and grid, to achieve a\n    clean, modern, and user-friendly layout.\n  </li>\n  <li>\n    Used modular design principles to separate components, enabling scalability\n    and easy future functionality integration.\n  </li>\n  <li>\n    Focused on accessibility by including descriptive alt attributes for images\n    and ensuring text visibility with proper color contrast.\n  </li>\n  <li>\n    Incorporated hover and transition effects to enhance interactivity and\n    provide a smooth user experience.\n  </li>\n  <li>\n    Prepared the project as a prototype to demonstrate design skills, with\n    potential for adding backend functionality and e-commerce features.\n  </li>\n</ul>\n",
  "projectStartDate" : "2019-09-03",
  "projectEndDate" : "2019-11-01",
  "httpAccessLink" : "https://online-shop.prowebart.co.uk/",
  "repoLink" : "https://github.com/lucutovidiu/onlineshopping",
  "rootDirectory" : null,
  "projectDuration" : 8
}