{
  "id" : "1b9134e889b54cee8f9ea15f5ac91f41",
  "title" : "Online Bible Reading",
  "thumbImage" : "13e6c9b0096447e594f239fb9069c08f.jpeg",
  "shortDescription" : "Online reading bible with restored names in Romanian",
  "technologiesUsed" : "Quarkus / Angular / Postgress / HTML, CSS, Bootstrap ",
  "moreImages" : null,
  "fullDescription" : "<p>\n    This portfolio project showcases a dynamic Bible Online Reading Platform,\n    designed for seamless exploration and interaction with the Bible. The platform\n    allows users to load any chapter, perform full-text searches for phrases, and\n    copy specific verses to the clipboard for sharing or study purposes. It\n    includes an admin interface that empowers authorized users to edit verses,\n    ensuring flexibility and customization. The project demonstrates advanced\n    functionality, intuitive user experience, and robust backend integration to\n    manage and present large volumes of structured text data efficiently.\n  </p>\n  <p class=\"h5 font-weight-bold\">Technical details:</p>\n  <ul style=\"list-style-type: disc\">\n    <li>\n      The project uses Quarkus as the backend framework, providing a lightweight\n      and performant Java-based solution for building RESTful APIs and services.\n    </li>\n    <li>\n      The frontend is built using Angular, offering a dynamic and interactive user\n      interface for reading, searching, and managing Bible content.\n    </li>\n    <li>\n      The database is powered by PostgreSQL, ensuring robust and efficient data\n      storage and retrieval for Bible chapters and verses.\n    </li>\n    <li>\n      HTML scraping functionality is implemented in the Quarkus backend, enabling\n      automated extraction of Bible books from online sources into a structured\n      format.\n    </li>\n    <li>\n      A unique YAML-based file database is created for each book of the Bible,\n      storing all chapters and verses for easy backup, restoration, and version\n      control.\n    </li>\n    <li>\n      The application supports full data migration, allowing the database to be\n      rebuilt from YAML files or the scraped HTML content seamlessly.\n    </li>\n    <li>\n      Admins have the ability to edit verses directly, with changes reflected both\n      in the database and the YAML files, maintaining synchronization across all\n      data formats.\n    </li>\n    <li>\n      The system enables full export of the database to YAML format, updating all\n      YAML files with the latest changes made via the admin interface.\n    </li>\n    <li>\n      Front-end styling leverages HTML, CSS, and Bootstrap, ensuring a visually\n      appealing and responsive design suitable for all devices.\n    </li>\n    <li>\n      Search functionality is optimized to handle full-text queries, allowing\n      users to locate specific phrases or themes across the entire Bible\n      efficiently.\n    </li>\n    <li>\n      Users can copy verses to the clipboard directly from the interface, making\n      it convenient to share or reference content.\n    </li>\n    <li>\n      The platform includes administrative capabilities, such as bulk updates and\n      migrations, showcasing robust content management features.\n    </li>\n    <li>\n      The integration between Angular and Quarkus demonstrates effective\n      frontend-backend communication, including efficient API design and usage.\n    </li>\n    <li>\n      Comprehensive use of Bootstrap components enhances the user interface,\n      ensuring accessibility and a consistent user experience.\n    </li>\n    <li>\n      Focus on data integrity and recovery through YAML file backups ensures that\n      the system can recover from data corruption or unauthorized modifications.\n    </li>\n  </ul>\n  ",
  "projectStartDate" : "2024-11-01",
  "projectEndDate" : "2024-11-18",
  "httpAccessLink" : "https://bible.prowebart.co.uk/",
  "repoLink" : "https://github.com/lucutovidiu/bible-project",
  "rootDirectory" : null,
  "projectDuration" : 2
}